{"cameraMode":{"drawMode":0,"name":"Shaded","section":"Shading Mode"},"sceneLighting":true,"audioPlay":false,"sceneViewState":{"m_AlwaysRefresh":false,"showFog":true,"showSkybox":true,"showFlares":true,"showImageEffects":true,"showParticleSystems":true,"showVisualEffectGraphs":true,"m_FxEnabled":true},"in2DMode":false,"pivot":{"x":-4.648044586181641,"y":1.2466223239898682,"z":13.992426872253418},"rotation":{"x":0.11760246008634567,"y":-0.5358492136001587,"z":0.07568278908729553,"w":0.8326590061187744},"size":6.427559852600098,"orthographic":false}