{"cameraMode":{"drawMode":0,"name":"Shaded","section":"Shading Mode"},"sceneLighting":true,"audioPlay":false,"sceneViewState":{"m_AlwaysRefresh":false,"showFog":true,"showSkybox":true,"showFlares":true,"showImageEffects":true,"showParticleSystems":true,"showVisualEffectGraphs":true,"m_FxEnabled":true},"in2DMode":false,"pivot":{"x":-2.7763235569000246,"y":4.2507829666137699,"z":1.4445711374282838},"rotation":{"x":-0.09636896103620529,"y":0.5533575415611267,"z":-0.06465508043766022,"w":-0.8248241543769836},"size":1.7364997863769532,"orthographic":false}